file,group,tamil,roman,english,recorded
word-01-amma,word,அம்மா,amma,Mother,
word-02-appa,word,அப்பா,appa,Father,
word-03-annan,word,அண்ணன்,annan,Elder brother,
word-04-akka,word,அக்கா,akka,Elder sister,
word-05-thambi,word,தம்பி,thambi,Younger brother,
word-06-thangai,word,தங்கை,thangai,Younger sister,
word-31-ammamma,word,அம்மம்மா,ammamma,Grandmother (mum's mum),
word-07-vanakkam,word,வணக்கம்,vanakkam,Hello / Greetings,
word-08-nandri,word,நன்றி,nandri,Thank you,
word-09-om,word,ஓம்,om,Yes,
word-10-illai,word,இல்லை,illai,No,
word-11-mannikkavum,word,மன்னிக்கவும்,mannikkavum,Sorry / Excuse me,
word-12-sooru,word,சோறு,sooru,Rice / Food,
word-13-thanneer,word,தண்ணீர்,thanneer,Water,
word-14-idiyappam,word,இடியப்பம்,idiyappam,String hoppers,
word-15-thosai,word,தோசை,thosai,Dosa,
word-16-paal,word,பால்,paal,Milk,
word-17-koppi,word,கோப்பி,koppi,Coffee,
word-18-anbu,word,அன்பு,anbu,Love,
word-19-magizhchi,word,மகிழ்ச்சி,magizhchi,Joy / Happiness,
word-20-kopam,word,கோபம்,kopam,Anger,
word-21-payam,word,பயம்,payam,Fear,
word-22-vali,word,வலி,vali,Pain,
word-23-kadal,word,கடல்,kadal,Sea,
word-24-malai,word,மலை,malai,Mountain,
word-25-maram,word,மரம்,maram,Tree,
word-26-vaanam,word,வானம்,vaanam,Sky,
word-27-mazhai,word,மழை,mazhai,Rain,
word-28-indru,word,இன்று,indru,Today,
word-29-naalai,word,நாளை,naalai,Tomorrow,
word-30-netru,word,நேற்று,netru,Yesterday,
phrase-01-saappitteengalaa,phrase,சாப்பிட்டீங்களா?,saappitteengalaa?,Have you eaten?,
phrase-02-naan-unnai-nesikkiren,phrase,நான் உன்னை நேசிக்கிறேன்,naan unnai nesikkiren,I love you,
phrase-03-enakku-vilangelle,phrase,எனக்கு விளங்கேல்லை,enakku vilangelle,I don't understand,
phrase-04-konjam-methuvaa-kathaiyungo,phrase,கொஞ்சம் மெதுவாக் கதையுங்கோ,konjam methuvaa kathaiyungo,Please speak slowly,
phrase-05-ithukku-enna-artham,phrase,இதுக்கு என்ன அர்த்தம்?,ithukku enna artham?,What does this mean?,
phrase-06-nalla-rusiyaa-irukku,phrase,நல்ல ருசியா இருக்கு,nalla rusiyaa irukku,It's delicious,
phrase-07-sugamaa-irukkireengalaa,phrase,சுகமா இருக்கிறீங்களா?,sugamaa irukkireengalaa?,Are you well?,
phrase-08-unnai-miss-pannuran,phrase,உன்னை மிஸ் பண்ணுறன்,unnai miss pannuran,I miss you,
phrase-09-innorukkaa-sollungo,phrase,இன்னொருக்கா சொல்லுங்கோ,innorukkaa sollungo,"Say it again, please",
phrase-10-enakku-tamil-padikka-venum,phrase,எனக்கு தமிழ் படிக்க வேணும்,enakku tamil padikka venum,I want to learn Tamil,
dialogue-101-naan-oru-thadava-sonnaa-noor,dialogue,"நான் ஒரு தடவ சொன்னா, நூறு தடவ சொன்ன மாதிரி.","Naan oru thadava sonnaa, nooru thadava sonna maadhiri.","If I say it once, it's as good as saying it a hundred times.",
dialogue-01-naan-yaaraiyum-thedavillai-a,dialogue,நான் யாரையும் தேடவில்லை. ஆனால் தேவைப்பட்டால் கண்டுபிடிப்பேன்.,Naan yaaraiyum thedavillai. Aanaal thevaipattaal kandupidippeen.,"I don't look for anyone. But if needed, I will find them.",
dialogue-102-en-vazhi-thani-vazhi,dialogue,என் வழி தனி வழி.,En vazhi thani vazhi.,My way is a way of its own.,
dialogue-02-manithan-thoarkalaam-aanaal-,dialogue,மனிதன் தோற்கலாம். ஆனால் மனசு தோற்கக்கூடாது.,Manithan thoarkalaam. Aanaal manasu thoarkakuudaadhu.,A man can lose. But the mind must not.,
dialogue-103-oru-thadava-mudivu-pannittaa,dialogue,"ஒரு தடவ முடிவு பண்ணிட்டா, என் பேச்ச நானே கேக்க மாட்டேன்.","Oru thadava mudivu pannittaa, en pechcha naane kekka maatten.","Once I've made up my mind, I won't even listen to myself.",
dialogue-03-nee-illaadha-idamum-en-ninai,dialogue,நீ இல்லாத இடமும் என் நினைவில் நிறைந்திருக்கிறது.,Nee illaadha idamum en ninaivil niraindhirukkiradhu.,Even places without you are filled with my memories of you.,
dialogue-104-kidaikkiradhu-kidaikkaama-ir,dialogue,"கிடைக்கிறது கிடைக்காம இருக்காது, கிடைக்காம இருக்கிறது கிடைக்காது.","Kidaikkiradhu kidaikkaama irukkaadhu, kidaikkaama irukkiradhu kidaikkaadhu.",What's meant for you won't miss you. What isn't meant for you won't come.,
dialogue-04-naangal-ezhuthiya-varalaaru-,dialogue,நாங்கள் எழுதிய வரலாறு யாரும் அழிக்க முடியாது.,Naangal ezhuthiya varalaaru yaarum azhikka mudiyaadhu.,"The history we wrote, no one can erase.",
dialogue-105-naalu-perukku-nalladhunnaa-e,dialogue,"நாலு பேருக்கு நல்லதுன்னா, எதுவுமே தப்பில்ல.","Naalu perukku nalladhunnaa, edhuvume thappilla.","If it does good for four people, nothing is wrong.",
dialogue-05-ennaal-mudiyum-endru-nambine,dialogue,என்னால் முடியும் என்று நம்பினேன். அதுவே போதும்.,Ennaal mudiyum endru nambineen. Adhuvee poodhum.,I believed I could. That was enough.,
dialogue-106-panninga-dhaan-koottamaa-var,dialogue,"பன்னிங்க தான் கூட்டமா வரும், சிங்கம் சிங்கிளா தான் வரும்.","Panninga dhaan koottamaa varum, singam single-aa dhaan varum.",Pigs come in herds. The lion comes alone.,
dword-01-naan,dword,நான்,naan,I,
dword-02-oru,dword,ஒரு,oru,one,
dword-03-thadava,dword,தடவ,thadava,time,
dword-04-sonnaa,dword,சொன்னா,sonnaa,if (I) say,
dword-05-nooru,dword,நூறு,nooru,a hundred,
dword-07-sonna,dword,சொன்ன,sonna,said,
dword-08-maadhiri,dword,மாதிரி,maadhiri,like,
dword-10-yaaraiyum,dword,யாரையும்,yaaraiyum,anyone,
dword-11-thedavillai,dword,தேடவில்லை,thedavillai,don't look for,
dword-12-aanaal,dword,ஆனால்,aanaal,but,
dword-13-thevaipattaal,dword,தேவைப்பட்டால்,thevaipattaal,if needed,
dword-14-kandupidippeen,dword,கண்டுபிடிப்பேன்,kandupidippeen,I will find,
dword-15-en,dword,என்,en,my,
dword-16-vazhi,dword,வழி,vazhi,way,
dword-17-thani,dword,தனி,thani,"its own, separate",
dword-19-manithan,dword,மனிதன்,manithan,a person,
dword-20-thoarkalaam,dword,தோற்கலாம்,thoarkalaam,can lose,
dword-22-manasu,dword,மனசு,manasu,"the heart, the mind",
dword-23-thoarkakkuudaadhu,dword,தோற்கக்கூடாது,thoarkakkuudaadhu,must not lose,
dword-26-mudivu,dword,முடிவு,mudivu,a decision,
dword-27-pannittaa,dword,பண்ணிட்டா,pannittaa,once (I) make,
dword-29-pechcha,dword,பேச்ச,pechcha,words,
dword-30-naane,dword,நானே,naane,even I,
dword-31-kekka,dword,கேக்க,kekka,to listen,
dword-32-maatten,dword,மாட்டேன்,maatten,won't,
dword-33-nee,dword,நீ,nee,you,
dword-34-illaadha,dword,இல்லாத,illaadha,without (you),
dword-35-idamum,dword,இடமும்,idamum,even the place,
dword-37-ninaivil,dword,நினைவில்,ninaivil,in memory,
dword-38-niraindhirukkiradhu,dword,நிறைந்திருக்கிறது,niraindhirukkiradhu,is filled,
dword-39-kidaikkiradhu,dword,கிடைக்கிறது,kidaikkiradhu,what comes to you,
dword-40-kidaikkaama,dword,கிடைக்காம,kidaikkaama,without coming,
dword-41-irukkaadhu,dword,இருக்காது,irukkaadhu,won't stay,
dword-43-irukkiradhu,dword,இருக்கிறது,irukkiradhu,what is (meant),
dword-44-kidaikkaadhu,dword,கிடைக்காது,kidaikkaadhu,won't come,
dword-45-naangal,dword,நாங்கள்,naangal,we,
dword-46-ezhuthiya,dword,எழுதிய,ezhuthiya,that (we) wrote,
dword-47-varalaaru,dword,வரலாறு,varalaaru,history,
dword-48-yaarum,dword,யாரும்,yaarum,no one,
dword-49-azhikka,dword,அழிக்க,azhikka,to erase,
dword-50-mudiyaadhu,dword,முடியாது,mudiyaadhu,cannot,
dword-51-naalu,dword,நாலு,naalu,four,
dword-52-perukku,dword,பேருக்கு,perukku,for people,
dword-53-nalladhunnaa,dword,நல்லதுன்னா,nalladhunnaa,if it's good,
dword-54-edhuvume,dword,எதுவுமே,edhuvume,anything at all,
dword-55-thappilla,dword,தப்பில்ல,thappilla,isn't wrong,
dword-56-ennaal,dword,என்னால்,ennaal,by me,
dword-57-mudiyum,dword,முடியும்,mudiyum,can (do it),
dword-58-endru,dword,என்று,endru,that (quoting),
dword-59-nambineen,dword,நம்பினேன்,nambineen,I believed,
dword-60-adhuvee,dword,அதுவே,adhuvee,that itself,
dword-61-poodhum,dword,போதும்,poodhum,is enough,
dword-62-panninga,dword,பன்னிங்க,panninga,pigs,
dword-63-dhaan,dword,தான்,dhaan,only,
dword-64-koottamaa,dword,கூட்டமா,koottamaa,in a herd,
dword-65-varum,dword,வரும்,varum,come,
dword-66-singam,dword,சிங்கம்,singam,the lion,
dword-67-single-aa,dword,சிங்கிளா,single-aa,"alone (from ""single"")",
letter-01-a,letter,அ,a,Letter a,
letter-02-aa,letter,ஆ,aa,Letter aa,
letter-03-i,letter,இ,i,Letter i,
letter-04-ii,letter,ஈ,ii,Letter ii,
letter-05-u,letter,உ,u,Letter u,
letter-06-uu,letter,ஊ,uu,Letter uu,
letter-07-e,letter,எ,e,Letter e,
letter-08-ee,letter,ஏ,ee,Letter ee,
letter-09-ai,letter,ஐ,ai,Letter ai,
letter-10-o,letter,ஒ,o,Letter o,
letter-11-oo,letter,ஓ,oo,Letter oo,
letter-12-au,letter,ஔ,au,Letter au,
letter-13-ka,letter,க,ka,Letter ka,
letter-14-sa,letter,ச,sa,Letter sa,
letter-15-tha,letter,த,tha,Letter tha,
letter-16-na,letter,ந,na,Letter na,
letter-17-pa,letter,ப,pa,Letter pa,
letter-18-ma,letter,ம,ma,Letter ma,
example-02-aadu,example,ஆடு,aadu,goat,
example-03-ilai,example,இலை,ilai,leaf,
example-05-uppu,example,உப்பு,uppu,salt,
example-06-uur,example,ஊர்,uur,town,
example-07-eli,example,எலி,eli,rat,
example-08-eeni,example,ஏணி,eeni,ladder,
example-09-aindhu,example,ஐந்து,aindhu,five,
example-10-ottakam,example,ஒட்டகம்,ottakam,camel,
example-11-oodu,example,ஓடு,oodu,run,
example-12-audhadham,example,ஔடதம்,audhadham,medicine,
example-14-saalai,example,சாலை,saalai,road,
example-15-thaai,example,தாய்,thaai,mother,
example-16-nanban,example,நண்பன்,nanban,friend,
example-18-malar,example,மலர்,malar,flower,
pack-02-kudumbam,pack,குடும்பம்,kudumbam,Family,
pack-03-saappaadu,pack,சாப்பாடு,saappaadu,Food,
pack-04-unarvugal,pack,உணர்வுகள்,unarvugal,Feelings,
pack-05-iyarkai,pack,இயற்கை,iyarkai,Nature,
pack-06-neram,pack,நேரம்,neram,Time,
track-01-pesu,track,பேசு,pesu,Speak,
track-02-padi,track,படி,padi,Read,
track-03-ezhuthu,track,எழுது,ezhuthu,Write,
lesson-07-uyir-ezhuthu,lesson,உயிர் எழுத்து,uyir ezhuthu,First vowels,
lesson-09-mei-ezhuthu,lesson,மெய் எழுத்து,mei ezhuthu,First consonants,
lesson-16-a-aa-i-ii-u,lesson,அ ஆ இ ஈ உ,a aa i ii u,First shapes,
lesson-17-uu-e-ee-ai-o-oo-au,lesson,ஊ எ ஏ ஐ ஒ ஓ ஔ,uu e ee ai o oo au,More vowel shapes,
lesson-18-ka-sa-tha-na-pa-ma,lesson,க ச த ந ப ம,ka sa tha na pa ma,Consonant shapes,
badge-01-first-word,badge,முதல் சொல்,,First word,
badge-03-letter-reader,badge,எழுத்து,,Letter reader,
badge-04-shape-spotter,badge,வடிவம்,,Shape spotter,
badge-06-student,badge,மாணவர்,,Student,
badge-07-film-fan,badge,சினிமா,,Film fan,
badge-08-perfect-five,badge,ஐந்துக்கு ஐந்து,,Perfect five,
badge-09-chatterbox,badge,பேச்சாளர்,,Chatterbox,
level-01-kuzhandhai,level,குழந்தை,Kuzhandhai,Child — just beginning,
level-03-purindavar,level,புரிந்தவர்,Purindavar,One who understands,
level-04-pesuvar,level,பேசுவார்,Pesuvar,One who speaks,
level-05-katravar,level,கற்றவர்,Katravar,One who has truly learned,
stage-01-thodakkam,stage,தொடக்கம்,Thodakkam,Newbie,
stage-02-idainilai,stage,இடைநிலை,Idainilai,Intermediate,
stage-03-membattavar,stage,மேம்பட்டவர்,Membattavar,Advanced,
ui-01-that-s-exactly-right,ui,அது சரிதான்!,,That's exactly right.,
ui-02-brilliant,ui,அருமை!,,Brilliant.,
ui-03-well-said,ui,நல்லாச் சொன்னீங்க.,,Well said.,
ui-04-perfect,ui,சரியாச் சொன்னீங்க!,,Perfect.,
ui-05-yes-you-ve-got-it,ui,ஓம்!,,"Yes, you've got it.",
ui-06-ammamma-would-be-proud,ui,அம்மம்மா பெருமைப்படுவா.,,Ammamma would be proud.,
ui-07-you-already-knew-that,ui,உங்களுக்குத் தெரியும்.,,You already knew that.,
ui-08-well-done,ui,சபாஷ்!,,Well done.,
ui-09-that-s-it,ui,சரி சரி!,,That's it!,
ui-10-almost-it-was,ui,கிட்டத்தட்ட.,,Almost. It was “…”.,
ui-11-you-re-getting-there-it-was,ui,கிட்ட வந்திட்டீங்க.,,You're getting there. It was “…”.,
ui-12-but-you-ll-get-it-next-time-,ui,இந்த முறை இல்லை.,,But you'll get it next time. It was “…”.,
ui-13-listen-one-more-time-it-was,ui,திரும்பக் கேளுங்கோ.,,Listen one more time. It was “…”.,
ui-14-don-t-worry-even-appa-forgot,ui,பரவாயில்லை.,,Don't worry. Even appa forgot this one. It was “…”.,
ui-15-that-s-the-one,ui,சரி!,,That's the one.,
ui-18-good-eye,ui,நல்லாப் பார்த்தீங்க.,,Good eye.,
ui-22-perfect-ammamma-would-be-pro,ui,ஐந்துக்கு ஐந்து!,,Perfect. Ammamma would be proud.,
ui-23-really-good-explore-more-and,ui,நல்லா இருக்கு.,,Really good. Explore more and come back.,
ui-24-keep-going-every-word-you-he,ui,தொடர்ந்து படியுங்கோ.,,Keep going. Every word you hear stays with you.,
ui-25-every-expert-was-once-a-begi,ui,ஆரம்பம்தான்.,,Every expert was once a beginner. Explore more and try again.,
ui-27-learn,ui,கற்க,,Learn,
ui-28-challenge,ui,தேர்வு,,Challenge,
ui-30-progress,ui,முன்னேற்றம்,,Progress,
ui-31-home,ui,வீடு,,Home,
ui-33-you-did-it,ui,நல்லாச் செய்தீங்க.,,You did it.,
ui-34-start-here,ui,இங்கே தொடங்குங்கோ,,Start here,
ui-35-dialogue,ui,டயலாக்,,Dialogue,
